{"train_losses": [0.1608008828507208, 0.15141562986992702, 0.14808505885715023, 0.14557084584189364, 0.14360597676787257, 0.14162505599741548, 0.13980903369356298, 0.13779239255776798, 0.1356641405258398, 0.13344584185333708, 0.13121964261228172, 0.12834969681531158, 0.12563709551990138], "val_losses": [0.15424395482801168, 0.14982813616919619, 0.1496993947944228, 0.1489124095303866, 0.14660646821692394, 0.14679380729475647, 0.1467584453964242, 0.14656517184877532, 0.14678311499417593, 0.1494596165879902, 0.14820064141145362, 0.14973130966995055, 0.15206225657471575], "val_aurocs": [[0.7875637025219325, 0.875400202433903, 0.7791659391505794, 0.8903553146255136, 0.8669562974883694, 0.8750667383863417, 0.781399064046563, 0.7866223791153413, 0.6945766371307864, 0.8082520307410587, 0.7207899767744586, 0.7534965178646688, 0.724534104886892, 0.8642570556004989], [0.8051331445290457, 0.9005172074996942, 0.7875370746437241, 0.8926496816925721, 0.8750861852840278, 0.8919337403796735, 0.792078506913381, 0.8201299829701455, 0.7037057386737134, 0.8345328617882553, 0.755748836669625, 0.7767656572131818, 0.7355793316810573, 0.872779106449573], [0.8038933636858506, 0.9077553112122595, 0.7965125160446286, 0.8929555181205607, 0.8727025278400582, 0.8962014600957731, 0.7994121977037394, 0.858742571160463, 0.7033775246310411, 0.8361193296621029, 0.754803343743238, 0.7745268723800272, 0.7488103074989876, 0.8854199270152929], [0.803414557113383, 0.9070248766302542, 0.802137742746621, 0.8929851120014569, 0.8767977861163777, 0.899774202737591, 0.8034319098778381, 0.8652933553778096, 0.7071113587592656, 0.8463408743237756, 0.7597054516630835, 0.7790329354244959, 0.7510848984785202, 0.8847108343077581], [0.8074664985940325, 0.9067410407343647, 0.8015633853160099, 0.9003536914159929, 0.8778550600441327, 0.9121202260457599, 0.8023520152770558, 0.9107029904027089, 0.7127956196706606, 0.8576499012290497, 0.7701504679977188, 0.7808985215298887, 0.7569911116979506, 0.8883859684604326], [0.8134896138716613, 0.9109159001243687, 0.8023433174723605, 0.9020728088650993, 0.8798251003357944, 0.9138022555783405, 0.8088849208263141, 0.8832874073412078, 0.7106920917358828, 0.8508694188581211, 0.7753094822420107, 0.7885395353942435, 0.7543390411196899, 0.8848493807251133], [0.8174355529450303, 0.9069398082521682, 0.7996174075810193, 0.8994737930843355, 0.8810425782239709, 0.9121164623045905, 0.8094588583399421, 0.9097755336103788, 0.7102830385411183, 0.8535457261319928, 0.7698339037053198, 0.785430055412998, 0.7499216611376698, 0.8973181387839885], [0.8144860988671054, 0.9124164815965996, 0.8012524547901428, 0.903750653242856, 0.8801971961484994, 0.914526435656396, 0.8107406789901118, 0.9293961104408398, 0.7145119835220567, 0.8573248574865259, 0.7607819643882997, 0.7938676952266767, 0.7729722396133093, 0.8914708838356183], [0.8148544083065627, 0.9080021536924002, 0.7968663868516361, 0.9069197223915815, 0.8826485324258764, 0.9154426118803805, 0.8110595555557943, 0.9160750902383682, 0.6997920500355246, 0.8453105328031032, 0.7637275298898365, 0.7983785467888098, 0.7614895945142578, 0.8971646227298259], [0.8116535076581525, 0.907006668289763, 0.801630289366126, 0.9026309356021316, 0.8802093009967041, 0.9072414652180888, 0.8074508159599232, 0.9074563951323413, 0.706771317920029, 0.8540264031593373, 0.7684643464122415, 0.7749021766971169, 0.7608523015515517, 0.8961036993990951], [0.8174708333161287, 0.9056174378228429, 0.8045235217234683, 0.9037181890524416, 0.8776281463982766, 0.8924526831982877, 0.798151268271587, 0.9086613938662735, 0.7127356068533016, 0.859761405375674, 0.7681121665369721, 0.7880116437731373, 0.7531198136040489, 0.8860261310686641], [0.8170513506715336, 0.8976268188257761, 0.7986773096721911, 0.9053405077874466, 0.8801176500031554, 0.889370632643172, 0.8017708229353062, 0.9032853220529167, 0.7167297871973701, 0.8579765299560649, 0.7653123113288766, 0.7878815726904793, 0.7572691672768465, 0.8914072518396314], [0.8048166427177357, 0.8920752111570164, 0.7913891071229349, 0.900183353392508, 0.8755398605525289, 0.9033073127314303, 0.7992904778096976, 0.8762351609395713, 0.7029986924440873, 0.8497718374184683, 0.7715982563745547, 0.7896920399010536, 0.7700275828607206, 0.8869103111211596]]}